{"stats":{"minecraft:mined":{"minecraft:short_grass":17},"minecraft:killed":{"minecraft:cow":1},"minecraft:custom":{"minecraft:jump":42,"minecraft:time_since_rest":3593,"minecraft:damage_dealt":100,"minecraft:crouch_one_cm":178,"minecraft:leave_game":1,"minecraft:sprint_one_cm":1416,"minecraft:play_time":3593,"minecraft:walk_on_water_one_cm":1032,"minecraft:time_since_death":3593,"minecraft:walk_one_cm":2753,"minecraft:sneak_time":43,"minecraft:total_world_time":3593,"minecraft:walk_under_water_one_cm":2078,"minecraft:mob_kills":1,"minecraft:swim_one_cm":8305,"minecraft:fall_one_cm":267,"minecraft:fly_one_cm":2113},"minecraft:picked_up":{"minecraft:beef":1,"minecraft:leather":1,"minecraft:wheat_seeds":2}},"DataVersion":3839}